id,demanda
28,3.4731370200670106
0,4.181325465613932
29,4.639528020613917
1,4.26504786407601
30,4.7230051606193335
2,4.2761150155420795
31,4.745044009279991
3,4.300555318037696
32,4.7694843117756065
4,4.314811445489901
33,4.783740439227812
5,3.851542349947599
34,4.97919283824433
6,2.737695289271172
35,3.4731370200670106
7,4.181325465613932
36,4.639528020613917
8,4.26504786407601
37,4.7230051606193335
9,4.2761150155420795
38,4.745044009279991
10,4.300555318037696
39,4.7694843117756065
11,4.314811445489901
40,4.783740439227812
12,3.851542349947599
41,4.97919283824433
13,2.737695289271172
42,3.4731370200670106
14,4.181325465613932
43,4.639528020613917
15,4.26504786407601
44,4.7230051606193335
16,4.2761150155420795
45,4.745044009279991
17,4.300555318037696
46,4.7694843117756065
18,4.314811445489901
47,4.783740439227812
19,3.851542349947599
48,4.97919283824433
20,2.737695289271172
49,3.4731370200670106
21,4.181325465613932
50,4.639528020613917
22,4.26504786407601
51,4.7230051606193335
23,4.300555318037696
52,4.7694843117756065
24,4.314811445489901
53,4.783740439227812
25,3.851542349947599
54,4.97919283824433
55,3.4731370200670106
26,4.181325465613932
56,4.639528020613917
27,4.26504786407601
57,4.7230051606193335
85,0.4012455261785067
58,0.9637377752443638
86,0.605596233199293
59,0.9899947099798737
87,0.6355377890745542
60,0.9778991293828965
88,0.6344139056721653
61,1.0053804984134485
89,0.6618952747027176
62,1.0222397024015102
90,0.6787544786907799
63,0.7265758192079568
91,0.8135801463908108
92,0.4012455261785067
64,0.9637377752443638
93,0.605596233199293
65,0.9899947099798737
94,0.6355377890745542
66,0.9778991293828965
95,0.6344139056721653
67,1.0053804984134485
96,0.6618952747027176
68,1.0222397024015102
97,0.6787544786907799
69,0.7265758192079568
98,0.8135801463908108
70,0.6147806704483139
99,0.4012455261785067
71,0.9637377752443638
100,0.605596233199293
72,0.9899947099798737
101,0.6355377890745542
73,0.9778991293828965
102,0.6344139056721653
74,1.0053804984134485
103,0.6618952747027176
75,1.0222397024015102
104,0.6787544786907799
76,0.7265758192079568
105,0.8135801463908108
77,0.6147806704483139
106,0.4012455261785067
78,0.9637377752443638
79,0.9899947099798737
107,0.6355377890745542
80,1.0053804984134485
108,0.6618952747027176
81,1.0222397024015102
109,0.6787544786907799
82,0.7265758192079568
110,0.8135801463908108
111,0.4012455261785067
83,0.9637377752443638
112,0.605596233199293
84,0.9899947099798737
113,0.6355377890745542
141,1.3870661674155829
114,2.116013503185614
142,1.732925612733921
115,2.171178672637992
143,1.791775403326048
116,2.1647363222971308
144,1.7963047501797735
117,2.1900120299766184
145,1.8215804578592611
118,2.20687123396468
146,1.8384396618473229
119,1.8503426041447393
147,1.9842258018097638
120,1.5435285311900895
148,1.3870661674155829
121,2.116013503185614
149,1.732925612733921
122,2.171178672637992
150,1.791775403326048
123,2.1647363222971308
151,1.7963047501797735
124,2.1900120299766184
152,1.8215804578592611
125,2.20687123396468
153,1.8384396618473229
126,1.8503426041447393
154,1.9842258018097638
127,1.5435285311900895
155,1.3870661674155829
128,2.116013503185614
156,1.732925612733921
129,2.171178672637992
157,1.791775403326048
130,2.1647363222971308
158,1.7963047501797735
131,2.1900120299766184
159,1.8215804578592611
132,2.20687123396468
160,1.8384396618473229
133,1.8503426041447393
161,1.9842258018097638
134,2.116013503185614
135,2.171178672637992
136,2.1900120299766184
162,1.8215804578592611
137,2.20687123396468
163,1.8384396618473229
138,1.8503426041447393
164,1.9842258018097638
165,1.3870661674155829
139,2.116013503185614
166,1.732925612733921
140,2.171178672637992
195,2.1910573079356945
167,3.363128437960144
196,2.913838533401883
168,3.4608156570261426
197,3.0112804940112152
169,3.470952427499934
198,3.0323889616795947
170,3.4978814335104405
199,3.0593179676901006
171,3.515433650463895
200,3.076870184643555
172,3.1101385259148144
201,3.2615451335689034
173,2.4068378468865284
202,2.1910573079356945
174,3.363128437960144
203,2.913838533401883
175,3.4608156570261426
204,3.0112804940112152
176,3.470952427499934
205,3.0323889616795947
177,3.4978814335104405
206,3.0593179676901006
178,3.515433650463895
207,3.076870184643555
179,3.1101385259148144
208,3.2615451335689034
180,2.4068378468865284
209,2.1910573079356945
181,3.363128437960144
210,2.913838533401883
182,3.4608156570261426
211,3.0112804940112152
183,3.470952427499934
212,3.0323889616795947
184,3.4978814335104405
213,3.0593179676901006
185,3.515433650463895
214,3.076870184643555
186,3.1101385259148144
215,3.2615451335689034
187,2.4068378468865284
188,3.363128437960144
216,2.913838533401883
189,3.4608156570261426
217,3.0112804940112152
190,3.4978814335104405
218,3.0593179676901006
191,3.515433650463895
219,3.076870184643555
192,3.1101385259148144
220,3.2615451335689034
221,2.1910573079356945
193,3.363128437960144
222,2.913838533401883
194,3.4608156570261426
223,3.0112804940112152
252,10.151528903010007
224,18.12797544781081
253,13.86544171224261
225,18.034534039141086
254,13.74725529310344
226,18.08307368934386
255,13.801476162642103
227,18.112078618987802
256,13.83048109228605
228,18.165849549330158
257,13.884252022628406
229,16.29086000136381
258,14.41728377241851
230,12.078190102413703
259,10.151528903010007
231,18.12797544781081
260,13.86544171224261
232,18.034534039141086
261,13.74725529310344
233,18.08307368934386
262,13.801476162642103
234,18.112078618987802
263,13.83048109228605
235,18.165849549330158
264,13.884252022628406
236,16.29086000136381
265,14.41728377241851
237,12.078190102413703
266,10.151528903010007
238,18.12797544781081
267,13.86544171224261
239,18.034534039141086
268,13.74725529310344
240,18.08307368934386
269,13.801476162642103
241,18.112078618987802
270,13.83048109228605
242,18.165849549330158
271,13.884252022628406
243,16.29086000136381
272,14.41728377241851
244,12.078190102413703
273,10.151528903010007
245,18.12797544781081
274,13.86544171224261
246,18.034534039141086
247,18.112078618987802
275,13.83048109228605
248,18.165849549330158
276,13.884252022628406
249,16.29086000136381
277,14.41728377241851
278,10.151528903010007
250,18.12797544781081
279,13.86544171224261
251,18.034534039141086
280,13.74725529310344
309,6.6876202848565445
281,10.904498599382153
310,8.680501589043876
282,10.864633045601153
311,8.615891024793424
283,10.860639064614533
312,8.617578263142699
284,10.88964399425848
313,8.646583192786643
285,10.934326782840097
314,8.69126598136826
286,9.42037305042695
315,9.21798020543032
287,7.201134789318736
316,6.6876202848565445
288,10.904498599382153
317,8.680501589043876
289,10.864633045601153
318,8.615891024793424
290,10.860639064614533
319,8.617578263142699
291,10.88964399425848
320,8.646583192786643
292,10.934326782840097
321,8.69126598136826
293,9.42037305042695
322,9.21798020543032
294,7.201134789318736
323,6.6876202848565445
295,10.904498599382153
324,8.680501589043876
296,10.864633045601153
325,8.615891024793424
297,10.860639064614533
326,8.617578263142699
298,10.88964399425848
327,8.646583192786643
299,10.934326782840097
328,8.69126598136826
300,9.42037305042695
329,9.21798020543032
301,7.201134789318736
330,6.6876202848565445
302,10.904498599382153
331,8.680501589043876
303,10.864633045601153
304,10.88964399425848
332,8.646583192786643
305,10.934326782840097
333,8.69126598136826
306,9.42037305042695
334,9.21798020543032
335,6.6876202848565445
307,10.904498599382153
336,8.680501589043876
308,10.864633045601153
337,8.615891024793424
366,1.9907146317661826
338,3.478039192364528
367,2.698360214267866
339,3.5616030037680986
368,2.7816787672147756
340,3.561154593807815
369,2.7917289658062687
341,3.5880835998183214
370,2.818657971816775
342,3.6056358167717755
371,2.8362101887702282
343,3.1960723780811966
372,3.0225618609334153
344,2.531412295518886
373,1.9907146317661826
345,3.478039192364528
374,2.698360214267866
346,3.5616030037680986
375,2.7816787672147756
347,3.561154593807815
376,2.7917289658062687
348,3.5880835998183214
377,2.818657971816775
349,3.6056358167717755
378,2.8362101887702282
350,3.1960723780811966
379,3.0225618609334153
351,2.531412295518886
380,1.9907146317661826
352,3.478039192364528
381,2.698360214267866
353,3.5616030037680986
382,2.7816787672147756
354,3.561154593807815
383,2.7917289658062687
355,3.5880835998183214
384,2.818657971816775
356,3.6056358167717755
385,2.8362101887702282
357,3.1960723780811966
386,3.0225618609334153
358,2.531412295518886
359,3.478039192364528
360,3.5616030037680986
361,3.5880835998183214
387,2.818657971816775
362,3.6056358167717755
388,2.8362101887702282
363,3.1960723780811966
389,3.0225618609334153
390,1.9907146317661826
364,3.478039192364528
391,2.698360214267866
365,3.5616030037680986
392,2.7816787672147756
421,0.5239467274037655
393,1.0046763135418795
422,0.7105825767496902
394,1.0429387961741938
423,0.752529680521758
395,1.0308432155772167
424,0.7514057971193653
396,1.0583245846077687
425,0.7788871661499176
397,1.0751837885958304
426,0.7957463701379793
398,0.7826942040189586
427,0.9423002483016475
399,0.667025539455053
428,0.5239467274037655
400,1.0046763135418795
429,0.7105825767496902
401,1.0429387961741938
430,0.752529680521758
402,1.0308432155772167
431,0.7514057971193653
403,1.0583245846077687
432,0.7788871661499176
404,1.0751837885958304
433,0.7957463701379793
405,0.7826942040189586
434,0.9423002483016475
406,0.667025539455053
435,0.5239467274037655
407,1.0046763135418795
436,0.7105825767496902
408,1.0429387961741938
437,0.752529680521758
409,1.0308432155772167
438,0.7514057971193653
410,1.0583245846077687
439,0.7788871661499176
411,1.0751837885958304
440,0.7957463701379793
412,0.7826942040189586
441,0.9423002483016475
413,0.667025539455053
442,0.5239467274037655
414,1.0046763135418795
415,1.0429387961741938
416,1.0583245846077687
443,0.7788871661499176
417,1.0751837885958304
444,0.7957463701379793
418,0.7826942040189586
445,0.9423002483016475
446,0.5239467274037655
419,1.0046763135418795
447,0.7105825767496902
420,1.0429387961741938
448,0.752529680521758
477,2.051804739658654
449,3.0975400969319535
478,2.7122856951807677
450,3.1782570799870804
479,2.7927574197792318
451,3.1719764494633775
480,2.796975397807306
452,3.196416751958993
481,2.821415700302922
453,3.212649849346139
482,2.8376487976900675
454,2.775766175716871
483,3.043433606943256
455,2.186501152736955
484,2.051804739658654
456,3.0975400969319535
485,2.7122856951807677
457,3.1782570799870804
486,2.7927574197792318
458,3.1719764494633775
487,2.796975397807306
459,3.196416751958993
488,2.821415700302922
460,3.212649849346139
489,2.8376487976900675
461,2.775766175716871
490,3.043433606943256
462,2.186501152736955
491,2.051804739658654
463,3.0975400969319535
492,2.7122856951807677
464,3.1782570799870804
493,2.7927574197792318
465,3.1719764494633775
494,2.796975397807306
466,3.196416751958993
495,2.821415700302922
467,3.212649849346139
496,2.8376487976900675
468,2.775766175716871
497,3.043433606943256
469,2.186501152736955
498,2.051804739658654
470,3.0975400969319535
471,3.1782570799870804
499,2.7927574197792318
472,3.196416751958993
500,2.821415700302922
473,3.212649849346139
501,2.8376487976900675
474,2.775766175716871
502,3.043433606943256
503,2.051804739658654
475,3.0975400969319535
504,2.7122856951807677
476,3.1782570799870804
505,2.7927574197792318
534,6.570168142074259
506,11.380153357492588
535,8.649955468184118
507,11.383079820944142
536,8.657619518634723
508,11.330124001298925
537,8.610344918325398
509,11.34027182164354
538,8.620492738670013
510,11.3757974673474
539,8.656018384373873
511,9.848899362877804
540,9.187508127377052
512,7.450481705337735
541,6.570168142074259
513,11.380153357492588
542,8.649955468184118
514,11.383079820944142
543,8.657619518634723
515,11.330124001298925
544,8.610344918325398
516,11.34027182164354
545,8.620492738670013
517,11.3757974673474
546,8.656018384373873
518,9.848899362877804
547,9.187508127377052
519,7.450481705337735
548,6.570168142074259
520,11.380153357492588
549,8.649955468184118
521,11.383079820944142
550,8.657619518634723
522,11.330124001298925
551,8.610344918325398
523,11.34027182164354
552,8.620492738670013
524,11.3757974673474
553,8.656018384373873
525,9.848899362877804
554,9.187508127377052
526,7.450481705337735
555,6.570168142074259
527,11.380153357492588
556,8.649955468184118
528,11.383079820944142
529,11.34027182164354
557,8.620492738670013
530,11.3757974673474
558,8.656018384373873
531,9.848899362877804
559,9.187508127377052
560,6.570168142074259
532,11.380153357492588
561,8.649955468184118
533,11.383079820944142
562,8.657619518634723
563,1.6109339646968102
564,1.2205966584239374
565,1.5880508293328484
566,1.6324302036858065
567,1.651966533206792
568,1.2205966584239374
569,1.8987553402727992
570,1.8522371788439869
599,6.343833662437749
571,11.776427695868481
600,9.058705200484116
572,11.696927837770097
601,8.983942929384781
573,11.682127379944202
602,8.97482369089478
574,11.711132309588148
603,9.003828620538727
575,11.755815098169766
604,9.04851140912034
576,10.626485287634011
605,9.380854375908651
577,7.722066905977809
606,6.343833662437749
578,11.776427695868481
607,9.058705200484116
579,11.696927837770097
608,8.983942929384781
580,11.682127379944202
609,8.97482369089478
581,11.711132309588148
610,9.003828620538727
582,11.755815098169766
611,9.04851140912034
583,10.626485287634011
612,9.380854375908651
584,7.722066905977809
613,6.343833662437749
585,11.776427695868481
614,9.058705200484116
586,11.696927837770097
615,8.983942929384781
587,11.682127379944202
616,8.97482369089478
588,11.711132309588148
617,9.003828620538727
589,11.755815098169766
618,9.04851140912034
590,10.626485287634011
619,9.380854375908651
591,7.722066905977809
620,6.343833662437749
592,11.776427695868481
621,9.058705200484116
593,11.696927837770097
622,8.983942929384781
594,11.711132309588148
623,9.003828620538727
595,11.755815098169766
624,9.04851140912034
596,10.626485287634011
625,9.380854375908651
626,6.343833662437749
597,11.776427695868481
627,9.058705200484116
598,11.696927837770097
628,8.983942929384781
657,5.914521329370032
629,10.611471567248076
658,8.157937144294216
630,10.614398030699629
659,8.165601194744822
631,10.59720121491581
660,8.154085598296895
632,10.626206144559756
661,8.183090527940838
633,10.670888933141374
662,8.227773316522455
634,9.602621281713457
663,8.556359507624194
635,7.144528733522253
664,5.914521329370032
636,10.611471567248076
665,8.157937144294216
637,10.614398030699629
666,8.165601194744822
638,10.59720121491581
667,8.154085598296895
639,10.626206144559756
668,8.183090527940838
640,10.670888933141374
669,8.227773316522455
641,9.602621281713457
670,8.556359507624194
642,7.144528733522253
671,5.914521329370032
643,10.611471567248076
672,8.157937144294216
644,10.614398030699629
673,8.165601194744822
645,10.59720121491581
674,8.154085598296895
646,10.626206144559756
675,8.183090527940838
647,10.670888933141374
676,8.227773316522455
648,9.602621281713457
677,8.556359507624194
649,7.144528733522253
678,5.914521329370032
650,10.611471567248076
679,8.157937144294216
651,10.614398030699629
680,8.165601194744822
652,10.626206144559756
681,8.183090527940838
653,10.670888933141374
682,8.227773316522455
654,9.602621281713457
683,8.556359507624194
684,5.914521329370032
655,10.611471567248076
685,8.157937144294216
656,10.614398030699629
686,8.165601194744822
715,1.9148204693381103
687,3.3460956155484904
716,2.5788637934824528
688,3.4407774192075373
717,2.6733003386848373
689,3.440561912874429
718,2.683583440903506
690,3.4707859757310646
719,2.7138075037601412
691,3.4883381926845187
720,2.731359720713595
692,3.093339581116262
721,2.9120287088864587
693,2.463318488172837
722,1.9148204693381103
694,3.3460956155484904
723,2.5788637934824528
695,3.4407774192075373
724,2.6733003386848373
696,3.440561912874429
725,2.683583440903506
697,3.4707859757310646
726,2.7138075037601412
698,3.4883381926845187
727,2.731359720713595
699,3.093339581116262
728,2.9120287088864587
700,2.463318488172837
729,1.9148204693381103
701,3.3460956155484904
730,2.5788637934824528
702,3.4407774192075373
731,2.6733003386848373
703,3.440561912874429
732,2.683583440903506
704,3.4707859757310646
733,2.7138075037601412
705,3.4883381926845187
734,2.731359720713595
706,3.093339581116262
735,2.9120287088864587
707,2.463318488172837
736,1.9148204693381103
708,3.3460956155484904
737,2.5788637934824528
709,3.4407774192075373
738,2.6733003386848373
710,3.4707859757310646
739,2.7138075037601412
711,3.4883381926845187
740,2.731359720713595
712,3.093339581116262
741,2.9120287088864587
742,1.9148204693381103
713,3.3460956155484904
743,2.5788637934824528
714,3.4407774192075373
744,2.6733003386848373
773,2.1322070491872642
745,3.1671178587752467
774,2.781473598770712
746,3.250840257237325
775,2.8649507387761295
747,3.2540906697822365
776,2.879172848515628
748,3.278530972277853
777,2.903613151011244
749,3.294764069664999
778,2.9198462483983896
750,2.8894689451159206
779,3.1045211973237326
751,2.28434194358437
780,2.1322070491872642
752,3.1671178587752467
781,2.781473598770712
753,3.250840257237325
782,2.8649507387761295
754,3.2540906697822365
783,2.879172848515628
755,3.278530972277853
784,2.903613151011244
756,3.294764069664999
785,2.9198462483983896
757,2.8894689451159206
786,3.1045211973237326
758,2.28434194358437
787,2.1322070491872642
759,3.1671178587752467
788,2.781473598770712
760,3.250840257237325
789,2.8649507387761295
761,3.2540906697822365
790,2.879172848515628
762,3.278530972277853
791,2.903613151011244
763,3.294764069664999
792,2.9198462483983896
764,2.8894689451159206
793,3.1045211973237326
765,2.28434194358437
794,2.1322070491872642
766,3.1671178587752467
795,2.781473598770712
767,3.250840257237325
796,2.8649507387761295
768,3.278530972277853
797,2.903613151011244
769,3.294764069664999
798,2.9198462483983896
770,2.8894689451159206
799,3.1045211973237326
800,2.1322070491872642
771,3.1671178587752467
801,2.781473598770712
772,3.250840257237325
802,2.8649507387761295
830,1.458269744486655
803,2.2155758003405017
831,1.7994573909891267
804,2.2800866041069296
832,1.8637229362988936
805,2.2736442537660686
833,1.8682522831526187
806,2.2989199614455558
834,1.8935279908321063
807,2.315779165433618
835,1.910387194820168
808,1.9652446143748998
836,2.0542236045134508
809,1.6596363157876355
837,1.458269744486655
810,2.2155758003405017
838,1.7994573909891267
811,2.2800866041069296
839,1.8637229362988936
812,2.2736442537660686
840,1.8682522831526187
813,2.2989199614455558
841,1.8935279908321063
814,2.315779165433618
842,1.910387194820168
815,1.9652446143748998
843,2.0542236045134508
816,1.6596363157876355
844,1.458269744486655
817,2.2155758003405017
845,1.7994573909891267
818,2.2800866041069296
846,1.8637229362988936
819,2.2736442537660686
847,1.8682522831526187
820,2.2989199614455558
848,1.8935279908321063
821,2.315779165433618
849,1.910387194820168
822,1.9652446143748998
850,2.0542236045134508
823,1.6596363157876355
824,2.2155758003405017
851,1.7994573909891267
825,2.2800866041069296
852,1.8637229362988936
853,1.8935279908321063
826,2.315779165433618
854,1.910387194820168
827,1.9652446143748998
855,2.0542236045134508
856,1.458269744486655
828,2.2155758003405017
857,1.7994573909891267
829,2.2800866041069296
858,1.8637229362988936
866,15.901448153463672
859,36.091958572384435
867,23.195674435099694
860,36.137572524591924
868,23.21654337683773
861,36.2494732258548
869,23.334125297436497
862,36.30436478442582
870,23.38901685600748
871,23.38889081846407
872,23.91064990466561
873,15.901448153463672
874,23.195674435099694
875,23.21654337683773
876,23.334125297436497
877,23.38901685600748
863,36.30423874688242
878,23.38889081846407
879,23.91064990466561
880,15.901448153463672
881,23.195674435099694
864,36.137572524591924
882,23.21654337683773
883,23.334125297436497
884,23.38901685600748
885,23.38889081846407
886,23.91064990466561
887,15.901448153463672
888,23.195674435099694
889,23.21654337683773
890,23.38901685600748
865,36.30423874688242
891,23.38889081846407
892,23.91064990466561
893,15.901448153463672
894,23.195674435099694
895,23.21654337683773
923,31.04961616046232
896,19.72313570689745
924,37.567310987369254
897,20.934976621595936
925,38.70094683884486
898,21.57233823586448
926,39.34913704816653
899,23.92776199788481
927,41.70456081018688
900,24.057462336602654
928,41.834261148904744
901,23.24103479179373
929,42.51694929219787
902,12.274147845627287
930,31.04961616046232
903,19.72313570689745
931,37.567310987369254
904,20.934976621595936
932,38.70094683884486
905,21.57233823586448
933,39.34913704816653
906,23.92776199788481
934,41.70456081018688
907,24.057462336602654
935,41.834261148904744
908,23.24103479179373
936,42.51694929219787
909,12.274147845627287
937,31.04961616046232
910,19.72313570689745
938,37.567310987369254
911,20.934976621595936
939,38.70094683884486
912,21.57233823586448
940,39.34913704816653
913,23.92776199788481
941,41.70456081018688
914,24.057462336602654
942,41.834261148904744
915,23.24103479179373
943,42.51694929219787
916,12.274147845627287
944,31.04961616046232
917,19.72313570689745
945,37.567310987369254
918,23.92776199788481
946,41.70456081018688
919,24.057462336602654
947,41.834261148904744
920,23.24103479179373
948,42.51694929219787
949,31.04961616046232
921,19.72313570689745
950,37.567310987369254
922,20.934976621595936
951,38.70094683884486
968,24.333548359378256
952,15.608486188333092
969,28.387432489288337
953,17.109228618496953
970,29.837559000688792
954,19.3363271427664
971,32.42612952295991
955,15.998528313444247
972,29.088330693637758
956,15.560163700820969
973,28.64996608101448
957,15.634358711444522
974,30.842914285890974
975,24.333548359378256
958,15.608486188333092
976,28.387432489288337
959,17.109228618496953
977,29.837559000688792
960,19.3363271427664
978,32.42612952295991
961,15.998528313444247
979,29.088330693637758
962,15.560163700820969
980,28.64996608101448
963,15.634358711444522
981,30.842914285890974
982,24.333548359378256
964,15.608486188333092
983,28.387432489288337
965,17.109228618496953
984,29.837559000688792
966,19.3363271427664
985,32.42612952295991
967,15.998528313444247
986,29.088330693637758
987,28.64996608101448
988,29.088330693637758
989,30.842914285890974
990,24.333548359378256
1018,1.5704651301122783
991,2.4124629861116276
1019,1.9606502042173852
992,2.4769737898780546
1020,2.0249157495271515
993,2.476411894005002
1021,2.035325550848685
994,2.5016876016844893
1022,2.0606012585281728
995,2.5185468056725515
1023,2.0774604625162345
996,2.168012254613833
1024,2.2212968722095177
997,1.8075413179515523
1025,1.5704651301122783
998,2.4124629861116276
1026,1.9606502042173852
999,2.4769737898780546
1027,2.0249157495271515
1000,2.476411894005002
1028,2.035325550848685
1001,2.5016876016844893
1029,2.0606012585281728
1002,2.5185468056725515
1030,2.0774604625162345
1003,2.168012254613833
1031,2.2212968722095177
1004,1.8075413179515523
1032,1.5704651301122783
1005,2.4124629861116276
1033,1.9606502042173852
1006,2.4769737898780546
1034,2.0249157495271515
1007,2.476411894005002
1035,2.035325550848685
1008,2.5016876016844893
1036,2.0606012585281728
1009,2.5185468056725515
1037,2.0774604625162345
1010,2.168012254613833
1038,2.2212968722095177
1011,2.4124629861116276
1039,1.9606502042173852
1012,2.4769737898780546
1013,2.5016876016844893
1040,2.0606012585281728
1014,2.5185468056725515
1041,2.0774604625162345
1015,2.168012254613833
1042,2.2212968722095177
1043,1.5704651301122783
1016,2.4124629861116276
1044,1.9606502042173852
1017,2.4769737898780546
1045,2.0249157495271515
1074,1.9524012705007376
1046,2.9859201026067668
1075,2.593558053226669
1047,3.069642501068847
1076,2.6770351932320864
1048,3.0728929136137584
1077,2.691257302971585
1049,3.097333216109374
1078,2.7156976054672013
1050,3.113566313496521
1079,2.7319307028543465
1051,2.722836016069765
1080,2.9109229677893644
1052,2.131501465386057
1081,1.9524012705007376
1053,2.9859201026067668
1082,2.593558053226669
1054,3.069642501068847
1083,2.6770351932320864
1055,3.0728929136137584
1084,2.691257302971585
1056,3.097333216109374
1085,2.7156976054672013
1057,3.113566313496521
1086,2.7319307028543465
1058,2.722836016069765
1087,2.9109229677893644
1059,2.131501465386057
1088,1.9524012705007376
1060,2.9859201026067668
1089,2.593558053226669
1061,3.069642501068847
1090,2.6770351932320864
1062,3.0728929136137584
1091,2.691257302971585
1063,3.097333216109374
1092,2.7156976054672013
1064,3.113566313496521
1093,2.7319307028543465
1065,2.722836016069765
1094,2.9109229677893644
1066,2.131501465386057
1095,1.9524012705007376
1067,2.9859201026067668
1096,2.593558053226669
1068,3.069642501068847
1097,2.6770351932320864
1069,3.097333216109374
1098,2.7156976054672013
1070,3.113566313496521
1099,2.7319307028543465
1071,2.722836016069765
1100,2.9109229677893644
1101,1.9524012705007376
1072,2.9859201026067668
1102,2.593558053226669
1073,3.069642501068847
1103,2.6770351932320864
1104,4.591278882083529
1112,5.951022476772792
1105,3.903198570589381
1113,5.728241388327891
1114,3.9088589735862858
1106,4.49002997441448
1115,5.792819832570812
1107,4.576610003056876
1108,4.565744819230304
1109,4.596759463803432
1110,4.591278882083529
1111,4.576610003056876
1141,15.460549471180961
1116,10.61515922816938
1142,19.506929238994765
1117,10.880071045502852
1143,19.776578643327273
1118,10.860971165382352
1119,10.888787851116476
1144,19.885417701379563
1120,10.913360705840635
1145,19.90999055610373
1121,10.368472508643276
1146,20.013293436642716
1122,5.882016922421097
1147,15.460549471180961
1123,10.61515922816938
1148,19.506929238994765
1124,10.880071045502852
1149,19.776578643327273
1125,10.860971165382352
1150,19.857601015645447
1126,10.888787851116476
1151,19.885417701379563
1127,10.913360705840635
1152,19.90999055610373
1128,10.368472508643276
1153,20.013293436642716
1129,5.882016922421097
1154,15.460549471180961
1130,10.61515922816938
1155,19.506929238994765
1131,10.880071045502852
1156,19.776578643327273
1132,10.860971165382352
1157,19.857601015645447
1133,10.888787851116476
1158,19.885417701379563
1134,10.913360705840635
1159,19.90999055610373
1135,10.368472508643276
1160,20.013293436642716
1161,15.460549471180961
1136,10.61515922816938
1162,19.885417701379563
1137,10.913360705840635
1163,19.90999055610373
1138,10.368472508643276
1164,20.013293436642716
1165,15.460549471180961
1139,10.61515922816938
1166,19.506929238994765
1140,10.880071045502852
1167,19.776578643327273
1168,2.614912781823684
1195,2.8363974578298707
1169,2.704584470025659
1196,2.853318444764352
1170,2.7298601777051466
1197,2.878594152443839
1171,2.7467193816932083
1198,2.8954533564319007
1172,2.3706056838646417
1173,1.8695192406909231
1174,2.614912781823684
1175,2.6986351802857618
1176,2.704584470025659
1177,2.7298601777051466
1178,2.7467193816932083
1179,2.3706056838646417
1180,1.8695192406909231
1181,2.614912781823684
1182,2.6986351802857618
1183,2.704584470025659
1184,2.7298601777051466
1185,2.7467193816932083
1186,2.3706056838646417
1187,1.8695192406909231
1199,2.170331877001807
1188,2.614912781823684
1200,2.7529203178244543
1189,2.6986351802857618
1201,2.8363974578298707
1190,2.7298601777051466
1202,2.878594152443839
1191,2.7467193816932083
1203,2.8954533564319007
1192,2.3706056838646417
1204,3.082467908460255
1205,2.170331877001807
1193,2.614912781823684
1206,2.7529203178244543
1194,2.6986351802857618
1207,2.8363974578298707
1208,1.8635549489240488
1209,1.9141356191326444
1210,1.9076932687917838
1235,1.6143372259294289
1211,1.9351746378223358
1212,1.9520338418103975
1236,1.6586777989480426
1213,1.621266174711834
1237,1.8071926057868368
1214,1.3894205639002126
1238,1.272662138641239
1215,1.8635549489240488
1239,1.5555425877273574
1216,1.9141356191326444
1240,1.6098078790757027
1217,1.9076932687917838
1241,1.6143372259294289
1218,1.9351746378223358
1242,1.6418185949599808
1219,1.9520338418103975
1243,1.6586777989480426
1220,1.621266174711834
1244,1.8071926057868368
1221,1.3894205639002126
1245,1.272662138641239
1222,1.8635549489240488
1246,1.5555425877273574
1223,1.9141356191326444
1247,1.6098078790757027
1224,1.9076932687917838
1248,1.6143372259294289
1225,1.9351746378223358
1249,1.6418185949599808
1226,1.9520338418103975
1250,1.6586777989480426
1227,1.621266174711834
1251,1.8071926057868368
1252,1.272662138641239
1228,1.8635549489240488
1229,1.9141356191326444
1230,1.9351746378223358
1253,1.6418185949599808
1231,1.9520338418103975
1254,1.6586777989480426
1232,1.621266174711834
1255,1.8071926057868368
1256,1.272662138641239
1233,1.8635549489240488
1257,1.5555425877273574
1234,1.9141356191326444
1286,5.516520232340058
1258,8.318814711586764
1287,7.311697757538665
1259,8.339094541373072
1288,7.336715174324025
1260,8.321109278529558
1289,7.328061976157496
1261,8.348038284540065
1290,7.354990982168001
1262,8.361062075498484
1291,7.368014773126424
1263,7.518003530056781
1292,7.569636993915754
1264,5.723355029572803
1293,5.516520232340058
1265,8.318814711586764
1294,7.311697757538665
1266,8.339094541373072
1295,7.336715174324025
1267,8.321109278529558
1296,7.328061976157496
1268,8.348038284540065
1297,7.354990982168001
1269,8.361062075498484
1298,7.368014773126424
1270,7.518003530056781
1299,7.569636993915754
1271,5.723355029572803
1300,5.516520232340058
1272,8.318814711586764
1301,7.311697757538665
1273,8.339094541373072
1302,7.336715174324025
1274,8.321109278529558
1303,7.328061976157496
1275,8.348038284540065
1304,7.354990982168001
1276,8.361062075498484
1305,7.368014773126424
1277,7.518003530056781
1306,7.569636993915754
1278,5.723355029572803
1307,5.516520232340058
1279,8.318814711586764
1308,7.311697757538665
1280,8.339094541373072
1309,7.336715174324025
1281,8.348038284540065
1310,7.354990982168001
1282,8.361062075498484
1311,7.368014773126424
1283,7.518003530056781
1312,7.569636993915754
1313,5.516520232340058
1284,8.318814711586764
1314,7.311697757538665
1285,8.339094541373072
1315,7.336715174324025
1343,2.6324335109648747
1316,4.0410611862716515
1344,3.4861177675088992
1317,4.139090926633538
1345,3.583902249414126
1318,4.138666610429481
1346,3.5939765417618457
1319,4.165595616439987
1347,3.6209055477723515
1320,4.178619407398411
1348,3.6339293387307747
1321,3.769055968707835
1349,3.820281010893965
1322,2.901875060385562
1350,2.6324335109648747
1323,4.0410611862716515
1351,3.4861177675088992
1324,4.139090926633538
1352,3.583902249414126
1325,4.138666610429481
1353,3.5939765417618457
1326,4.165595616439987
1354,3.6209055477723515
1327,4.178619407398411
1355,3.6339293387307747
1328,3.769055968707835
1356,3.820281010893965
1357,2.6324335109648747
1329,4.0410611862716515
1358,3.4861177675088992
1330,4.139090926633538
1359,3.583902249414126
1331,4.138666610429481
1360,3.5939765417618457
1332,4.165595616439987
1361,3.6209055477723515
1333,4.178619407398411
1362,3.6339293387307747
1334,3.769055968707835
1363,3.820281010893965
1335,2.901875060385562
1336,4.0410611862716515
1364,3.4861177675088992
1337,4.139090926633538
1338,4.165595616439987
1365,3.6209055477723515
1339,4.178619407398411
1366,3.6339293387307747
1340,3.769055968707835
1367,3.820281010893965
1368,2.6324335109648747
1341,4.0410611862716515
1369,3.4861177675088992
1342,4.139090926633538
1370,3.583902249414126
1399,1.980521419888211
1371,2.9817682536253383
1400,2.5657557915918616
1372,3.0654906520874174
1401,2.649232931597279
1373,3.071174951998608
1402,2.6658889287030556
1374,3.096450659678096
1403,2.691164636382543
1375,3.113235721579584
1404,2.7079496982840308
1376,2.7225054241528275
1405,2.8869419632190487
1377,2.1832720274269084
1406,1.980521419888211
1378,2.9817682536253383
1407,2.5657557915918616
1379,3.0654906520874174
1408,2.649232931597279
1380,3.071174951998608
1409,2.6658889287030556
1381,3.096450659678096
1410,2.691164636382543
1382,3.113235721579584
1411,2.7079496982840308
1383,2.7225054241528275
1412,2.8869419632190487
1384,2.1832720274269084
1413,1.980521419888211
1385,2.9817682536253383
1414,2.5657557915918616
1386,3.0654906520874174
1415,2.649232931597279
1387,3.071174951998608
1416,2.6658889287030556
1388,3.096450659678096
1417,2.691164636382543
1389,3.113235721579584
1418,2.7079496982840308
1390,2.7225054241528275
1419,2.8869419632190487
1391,2.1832720274269084
1420,1.980521419888211
1392,2.9817682536253383
1421,2.5657557915918616
1393,3.0654906520874174
1422,2.649232931597279
1394,3.096450659678096
1423,2.691164636382543
1395,3.113235721579584
1424,2.7079496982840308
1396,2.7225054241528275
1425,2.8869419632190487
1426,1.980521419888211
1397,2.9817682536253383
1427,2.5657557915918616
1398,3.0654906520874174
1428,2.649232931597279
1457,24.857515502598762
1429,17.073651251552775
1458,34.99317240348325
1430,17.281809310024084
1459,35.2060680489536
1431,17.36750976641696
1460,35.24298399129796
1432,17.443830431479565
1461,35.319304656360586
1433,17.434910835819885
1462,35.31038506070089
1434,16.91839935011072
1463,34.631835884143904
1435,7.847893592626402
1464,24.857515502598762
1436,17.073651251552775
1465,34.99317240348325
1437,17.281809310024084
1466,35.2060680489536
1438,17.36750976641696
1467,35.24298399129796
1439,17.443830431479565
1468,35.319304656360586
1440,17.434910835819885
1469,35.31038506070089
1441,16.91839935011072
1470,34.631835884143904
1442,7.847893592626402
1471,24.857515502598762
1443,17.073651251552775
1472,34.99317240348325
1444,17.281809310024084
1473,35.2060680489536
1445,17.36750976641696
1474,35.24298399129796
1446,17.443830431479565
1475,35.319304656360586
1447,17.434910835819885
1476,35.31038506070089
1448,16.91839935011072
1477,34.631835884143904
1449,7.847893592626402
1478,24.857515502598762
1450,17.073651251552775
1479,34.99317240348325
1451,17.281809310024084
1480,35.2060680489536
1452,17.443830431479565
1481,35.319304656360586
1453,17.434910835819885
1482,35.31038506070089
1454,16.91839935011072
1483,34.631835884143904
1484,24.857515502598762
1455,17.073651251552775
1485,34.99317240348325
1456,17.281809310024084
1486,35.2060680489536
1514,3.697383329903139
1487,4.355192157173243
1515,4.8399851605371005
1488,4.4389145556353204
1516,4.923462300542518
1489,4.433681024770158
1517,4.975427764666946
1490,4.458121327265775
1518,4.999868067162562
1491,4.478481972108587
1519,5.020228712005375
1492,4.015212876566286
1520,5.215681111021893
1493,2.889123852948422
1521,3.697383329903139
1494,4.355192157173243
1522,4.8399851605371005
1495,4.4389145556353204
1523,4.923462300542518
1496,4.433681024770158
1524,4.975427764666946
1497,4.458121327265775
1525,4.999868067162562
1498,4.478481972108587
1526,5.020228712005375
1499,4.015212876566286
1527,5.215681111021893
1500,2.889123852948422
1528,3.697383329903139
1501,4.355192157173243
1529,4.8399851605371005
1502,4.4389145556353204
1530,4.923462300542518
1503,4.433681024770158
1531,4.975427764666946
1504,4.458121327265775
1532,4.999868067162562
1505,4.478481972108587
1533,5.020228712005375
1506,4.015212876566286
1534,5.215681111021893
1507,2.889123852948422
1535,3.697383329903139
1508,4.355192157173243
1536,4.8399851605371005
1509,4.4389145556353204
1510,4.458121327265775
1537,4.999868067162562
1511,4.478481972108587
1538,5.020228712005375
1512,4.015212876566286
1539,5.215681111021893
1540,3.697383329903139
1513,4.355192157173243
1568,1.8242866146407462
1541,2.8202062984511502
1569,2.4180899269247003
1542,2.9039286969132303
1570,2.5015670669301167
1543,2.907179109458139
1571,2.515789176669616
1544,2.9324548171376263
1572,2.5410648843491037
1545,2.948687914524773
1573,2.557297981736249
1546,2.55795761709802
1574,2.7362902466712695
1547,2.0131411316724175
1575,1.8242866146407462
1548,2.8202062984511502
1576,2.4180899269247003
1549,2.9039286969132303
1577,2.5015670669301167
1550,2.907179109458139
1578,2.515789176669616
1551,2.9324548171376263
1579,2.5410648843491037
1552,2.948687914524773
1580,2.557297981736249
1553,2.55795761709802
1581,2.7362902466712695
1582,1.8242866146407462
1554,2.8202062984511502
1583,2.4180899269247003
1555,2.9039286969132303
1584,2.5015670669301167
1556,2.907179109458139
1585,2.515789176669616
1557,2.9324548171376263
1586,2.5410648843491037
1558,2.948687914524773
1587,2.557297981736249
1559,2.55795761709802
1588,2.7362902466712695
1560,2.0131411316724175
1589,1.8242866146407462
1561,2.8202062984511502
1562,2.9039286969132303
1590,2.5015670669301167
1563,2.9324548171376263
1591,2.5410648843491037
1564,2.948687914524773
1592,2.557297981736249
1565,2.55795761709802
1593,2.7362902466712695
1594,1.8242866146407462
1566,2.8202062984511502
1595,2.4180899269247003
1567,2.9039286969132303
1596,2.5015670669301167
1624,3.523829096095425
1597,5.57159367324224
1625,4.7889324530089095
1598,5.661032698086622
1626,4.8781262193966315
1599,5.667627822391367
1627,4.895219952253155
1600,5.694556828401875
1628,4.922148958263662
1601,5.710132075420387
1629,4.9377242052821755
1602,5.19070224885071
1630,5.105720136711498
1603,3.923086047561113
1631,3.523829096095425
1604,5.57159367324224
1632,4.7889324530089095
1605,5.661032698086622
1633,4.8781262193966315
1606,5.667627822391367
1607,5.710132075420387
1634,4.9377242052821755
1608,5.19070224885071
1635,5.105720136711498
1609,3.923086047561113
1636,3.523829096095425
1610,5.57159367324224
1637,4.7889324530089095
1611,5.661032698086622
1638,4.8781262193966315
1612,5.667627822391367
1639,4.895219952253155
1613,5.694556828401875
1640,4.922148958263662
1614,5.710132075420387
1641,4.9377242052821755
1615,5.19070224885071
1642,5.105720136711498
1616,3.923086047561113
1643,3.523829096095425
1617,5.57159367324224
1644,4.7889324530089095
1618,5.661032698086622
1645,4.8781262193966315
1619,5.694556828401875
1646,4.922148958263662
1620,5.710132075420387
1647,4.9377242052821755
1621,5.19070224885071
1648,5.105720136711498
1649,3.523829096095425
1622,5.57159367324224
1650,4.7889324530089095
1623,5.661032698086622
1651,4.8781262193966315
1679,21.70146750140266
1652,16.51221431752422
1680,27.99427920717349
1653,16.78652625246073
1681,28.273328729109046
1654,16.869805217326835
1682,28.456729946413823
1655,16.92935785210092
1683,28.516282581187895
1656,17.241316744307774
1684,28.828241473394755
1657,16.397649378264315
1685,28.27396082571007
1658,10.296278626826652
1686,21.70146750140266
1659,16.51221431752422
1687,27.99427920717349
1660,16.78652625246073
1688,28.273328729109046
1661,16.869805217326835
1689,28.456729946413823
1662,16.92935785210092
1690,28.516282581187895
1663,17.241316744307774
1691,28.828241473394755
1664,16.397649378264315
1692,28.27396082571007
1665,10.296278626826652
1693,21.70146750140266
1666,16.51221431752422
1694,27.99427920717349
1667,16.78652625246073
1695,28.273328729109046
1668,16.869805217326835
1696,28.456729946413823
1669,16.92935785210092
1697,28.516282581187895
1670,17.241316744307774
1698,28.828241473394755
1671,16.397649378264315
1699,28.27396082571007
1672,10.296278626826652
1700,21.70146750140266
1673,16.51221431752422
1701,27.99427920717349
1674,16.78652625246073
1675,16.92935785210092
1702,28.516282581187895
1676,17.241316744307774
1703,28.828241473394755
1677,16.397649378264315
1704,28.27396082571007
1678,16.51221431752422
1705,27.99427920717349
1731,0.9585365962242725
1706,1.5818460976829207
1732,1.1951085249773885
1707,1.6262254720358793
1733,1.2431725204700963
1708,1.616315733749325
1734,1.2442344793781293
1709,1.643797102779877
1735,1.2717158484086812
1710,1.6606563067679387
1736,1.288575052396743
1711,1.334972124519145
1737,1.4351112371490544
1738,0.9585365962242725
1712,1.5818460976829207
1739,1.1951085249773885
1713,1.6262254720358793
1740,1.2431725204700963
1714,1.616315733749325
1741,1.2442344793781293
1715,1.643797102779877
1742,1.2717158484086812
1716,1.6606563067679387
1743,1.288575052396743
1717,1.334972124519145
1744,1.4351112371490544
1718,1.5818460976829207
1745,1.1951085249773885
1719,1.6262254720358793
1746,1.2431725204700963
1720,1.616315733749325
1747,1.2442344793781293
1721,1.643797102779877
1748,1.2717158484086812
1722,1.6606563067679387
1723,1.334972124519145
1724,1.5818460976829207
1749,1.1951085249773885
1725,1.6262254720358793
1726,1.643797102779877
1750,1.2717158484086812
1727,1.6606563067679387
1751,1.288575052396743
1728,1.334972124519145
1752,1.4351112371490544
1729,1.5818460976829207
1753,1.1951085249773885
1730,1.6262254720358793
1754,1.2431725204700963
1783,1.729570135035201
1755,2.6016764439412126
1784,2.1919418556272747
1756,2.6828217996502497
1785,2.2728419528796513
1757,2.680954350468989
1786,2.2819462008929774
1758,2.7062300581484764
1787,2.307221908572465
1759,2.723089262136538
1788,2.3240811125605267
1760,2.35835572425817
1789,2.469732987285984
1761,1.9085536774423444
1790,1.729570135035201
1762,2.6016764439412126
1791,2.1919418556272747
1763,2.6828217996502497
1792,2.2728419528796513
1764,2.680954350468989
1793,2.2819462008929774
1765,2.7062300581484764
1794,2.307221908572465
1766,2.723089262136538
1795,2.3240811125605267
1767,2.35835572425817
1796,2.469732987285984
1768,1.9085536774423444
1797,1.729570135035201
1769,2.6016764439412126
1798,2.1919418556272747
1770,2.6828217996502497
1799,2.2728419528796513
1771,2.680954350468989
1800,2.2819462008929774
1772,2.7062300581484764
1801,2.307221908572465
1773,2.723089262136538
1802,2.3240811125605267
1774,2.35835572425817
1803,2.469732987285984
1775,1.9085536774423444
1776,2.6016764439412126
1804,2.1919418556272747
1777,2.6828217996502497
1805,2.2728419528796513
1778,2.7062300581484764
1806,2.307221908572465
1779,2.723089262136538
1807,2.3240811125605267
1780,2.35835572425817
1808,2.469732987285984
1809,1.729570135035201
1781,2.6016764439412126
1810,2.1919418556272747
1782,2.6828217996502497
1811,2.2728419528796513
1837,0.9998314122273939
1812,1.9633001941627801
1838,1.3353314743375382
1813,2.0111161395389194
1839,1.3868320408534276
1814,1.9931049391104982
1840,1.3793194489767828
1815,2.0205863081410502
1841,1.406800818007335
1816,2.037445512129112
1842,1.4236600219953968
1817,1.6677824886268304
1843,1.6019031406252564
1844,0.9998314122273939
1818,1.9633001941627801
1845,1.3353314743375382
1819,2.0111161395389194
1846,1.3868320408534276
1820,1.9931049391104982
1847,1.3793194489767828
1821,2.0205863081410502
1848,1.406800818007335
1822,2.037445512129112
1849,1.4236600219953968
1823,1.6677824886268304
1850,1.6019031406252564
1851,0.9998314122273939
1824,1.9633001941627801
1852,1.3353314743375382
1825,2.0111161395389194
1853,1.3868320408534276
1826,1.9931049391104982
1854,1.3793194489767828
1827,2.0205863081410502
1855,1.406800818007335
1828,2.037445512129112
1829,1.6677824886268304
1856,1.6019031406252564
1857,0.9998314122273939
1830,1.9633001941627801
1858,1.3353314743375382
1831,2.0111161395389194
1832,2.0205863081410502
1859,1.406800818007335
1833,2.037445512129112
1860,1.4236600219953968
1834,1.6677824886268304
1861,1.6019031406252564
1862,0.9998314122273939
1835,1.9633001941627801
1863,1.3353314743375382
1836,2.0111161395389194
1864,1.3868320408534276
1893,5.01521983512028
1865,8.17973533859746
1894,6.663402244190133
1866,8.198295100363016
1895,6.686699592954742
1867,8.177791212578502
1896,6.67552776984721
1868,8.204720218589006
1897,6.702456775857715
1869,8.249403007170624
1898,6.747139564439333
1870,7.290791192668
1899,7.059214869220249
1871,5.470087721959988
1900,5.01521983512028
1872,8.17973533859746
1901,6.663402244190133
1873,8.198295100363016
1902,6.686699592954742
1874,8.177791212578502
1903,6.67552776984721
1875,8.204720218589006
1904,6.702456775857715
1876,8.249403007170624
1905,6.747139564439333
1877,7.290791192668
1906,7.059214869220249
1878,5.470087721959988
1907,5.01521983512028
1879,8.17973533859746
1908,6.663402244190133
1880,8.198295100363016
1909,6.686699592954742
1881,8.177791212578502
1910,6.67552776984721
1882,8.204720218589006
1911,6.702456775857715
1883,8.249403007170624
1912,6.747139564439333
1884,7.290791192668
1913,7.059214869220249
1885,5.470087721959988
1914,5.01521983512028
1886,8.17973533859746
1915,6.663402244190133
1887,8.198295100363016
1916,6.686699592954742
1888,8.204720218589006
1917,6.702456775857715
1889,8.249403007170624
1918,6.747139564439333
1890,7.290791192668
1919,7.059214869220249
1920,5.01521983512028
1891,8.17973533859746
1921,6.663402244190133
1892,8.198295100363016
1922,6.686699592954742
1942,2.9330111823440177
1923,2.8558542383680763
1943,3.502016707725846
1924,2.939576636830154
1944,3.5854938477312643
1925,2.9149398663413915
1945,3.6180560722320916
1926,2.941516033625949
1946,3.644632239516648
1927,2.9638536484037026
1947,3.6669698542944014
1928,2.62573863042694
1948,3.873737041174408
1949,2.9330111823440177
1929,2.8558542383680763
1950,3.502016707725846
1930,2.939576636830154
1951,3.5854938477312643
1931,2.9149398663413915
1952,3.6180560722320916
1932,2.941516033625949
1953,3.644632239516648
1933,2.9638536484037026
1954,3.6669698542944014
1934,2.62573863042694
1955,3.873737041174408
1935,2.0960623598812846
1936,2.8558542383680763
1956,3.502016707725846
1937,2.939576636830154
1957,3.5854938477312643
1938,2.9149398663413915
1939,2.941516033625949
1940,2.9638536484037026
1958,3.6669698542944014
1959,3.873737041174408
1960,3.502016707725846
1961,3.873737041174408
1962,3.502016707725846
1941,2.939576636830154
1991,1.887966647992796
1963,3.264394331973312
1992,2.5809039057987193
1964,3.345111315028438
1993,2.661375630397183
1965,3.3380094507664495
1994,2.6647723746869723
1966,3.362449753262065
1995,2.6892126771825877
1967,3.378682850649212
1996,2.705445774569733
1968,2.9836842390809544
1997,2.8861147627425954
1969,2.352723270936078
1998,1.887966647992796
1970,3.264394331973312
1999,2.5809039057987193
1971,3.345111315028438
2000,2.661375630397183
1972,3.3380094507664495
2001,2.6647723746869723
1973,3.362449753262065
2002,2.6892126771825877
1974,3.378682850649212
2003,2.705445774569733
1975,2.9836842390809544
2004,2.8861147627425954
1976,2.352723270936078
2005,1.887966647992796
1977,3.264394331973312
2006,2.5809039057987193
1978,3.345111315028438
2007,2.661375630397183
1979,3.3380094507664495
2008,2.6647723746869723
1980,3.362449753262065
2009,2.6892126771825877
1981,3.378682850649212
2010,2.705445774569733
1982,2.9836842390809544
2011,2.8861147627425954
1983,2.352723270936078
1984,3.264394331973312
2012,2.5809039057987193
1985,3.345111315028438
2013,2.661375630397183
1986,3.362449753262065
2014,2.6892126771825877
1987,3.378682850649212
2015,2.705445774569733
1988,2.9836842390809544
2016,2.8861147627425954
2017,1.887966647992796
1989,3.264394331973312
2018,2.5809039057987193
1990,3.345111315028438
2019,2.661375630397183
2048,4.575472244672303
2020,7.092920021407394
2049,6.2566280783401735
2021,7.116017409674282
2050,6.284463053606116
2022,7.100300313210754
2051,6.278078021819567
2023,7.127229319221261
2052,6.305007027830073
2024,7.140253110179683
2053,6.318030818788497
2025,6.602416905478457
2054,6.467620372086277
2026,4.937830640471519
2055,4.575472244672303
2027,7.092920021407394
2056,6.2566280783401735
2028,7.116017409674282
2057,6.284463053606116
2029,7.100300313210754
2058,6.278078021819567
2030,7.127229319221261
2059,6.305007027830073
2031,7.140253110179683
2060,6.318030818788497
2032,6.602416905478457
2061,6.467620372086277
2033,4.937830640471519
2062,4.575472244672303
2034,7.092920021407394
2063,6.2566280783401735
2035,7.116017409674282
2064,6.284463053606116
2036,7.100300313210754
2065,6.278078021819567
2037,7.127229319221261
2066,6.305007027830073
2038,7.140253110179683
2067,6.318030818788497
2039,6.602416905478457
2068,6.467620372086277
2040,4.937830640471519
2069,4.575472244672303
2041,7.092920021407394
2070,6.2566280783401735
2042,7.116017409674282
2071,6.284463053606116
2043,7.127229319221261
2072,6.305007027830073
2044,7.140253110179683
2073,6.318030818788497
2045,6.602416905478457
2074,6.467620372086277
2075,4.575472244672303
2046,7.092920021407394
2076,6.2566280783401735
2047,7.116017409674282
2077,6.284463053606116
2106,4.73683798961277
2078,6.796862552567589
2107,6.274112896526513
2079,6.819959940834476
2108,6.301947871792454
2080,6.798726343605361
2109,6.29004633924032
2081,6.825655349615868
2110,6.316975345250826
2082,6.83867914057429
2111,6.32999913620925
2083,6.219026755640649
2112,6.580905341800336
2084,4.6376979635598765
2113,4.73683798961277
2085,6.796862552567589
2114,6.274112896526513
2086,6.819959940834476
2115,6.301947871792454
2087,6.798726343605361
2116,6.29004633924032
2088,6.825655349615868
2117,6.316975345250826
2089,6.83867914057429
2118,6.32999913620925
2090,6.219026755640649
2119,6.580905341800336
2091,4.6376979635598765
2120,4.73683798961277
2092,6.796862552567589
2121,6.274112896526513
2093,6.819959940834476
2122,6.301947871792454
2094,6.798726343605361
2123,6.29004633924032
2095,6.825655349615868
2124,6.316975345250826
2096,6.83867914057429
2125,6.32999913620925
2097,6.219026755640649
2126,6.580905341800336
2098,4.6376979635598765
2127,4.73683798961277
2099,6.796862552567589
2128,6.274112896526513
2100,6.819959940834476
2129,6.301947871792454
2101,6.825655349615868
2130,6.316975345250826
2102,6.83867914057429
2131,6.32999913620925
2103,6.219026755640649
2132,6.580905341800336
2133,4.73683798961277
2104,6.796862552567589
2134,6.274112896526513
2105,6.819959940834476
2135,6.301947871792454
2164,6.2006437623961705
2136,10.562617370949084
2165,8.610989748056936
2137,10.504425224558076
2166,8.557535188664982
2138,10.489624766732181
2167,8.54841595017498
2139,10.518629696376127
2168,8.577420879818925
2140,10.563312484957747
2169,8.622103668400543
2141,9.46198577898031
2170,8.964384176981449
2142,6.917167692157745
2171,6.2006437623961705
2143,10.562617370949084
2172,8.610989748056936
2144,10.504425224558076
2173,8.557535188664982
2145,10.489624766732181
2174,8.54841595017498
2146,10.518629696376127
2175,8.577420879818925
2147,10.563312484957747
2176,8.622103668400543
2148,9.46198577898031
2177,8.964384176981449
2149,6.917167692157745
2178,6.2006437623961705
2150,10.562617370949084
2179,8.610989748056936
2151,10.504425224558076
2180,8.557535188664982
2152,10.489624766732181
2181,8.54841595017498
2153,10.518629696376127
2182,8.577420879818925
2154,10.563312484957747
2183,8.622103668400543
2155,9.46198577898031
2184,8.964384176981449
2156,6.917167692157745
2185,6.2006437623961705
2157,10.562617370949084
2186,8.610989748056936
2158,10.504425224558076
2187,8.557535188664982
2159,10.518629696376127
2188,8.577420879818925
2160,10.563312484957747
2189,8.622103668400543
2161,9.46198577898031
2190,8.964384176981449
2191,6.2006437623961705
2162,10.562617370949084
2192,8.610989748056936
2163,10.504425224558076
2193,8.557535188664982
2222,2.4908371988495306
2194,3.858254397229439
2223,3.2539400269270415
2195,3.9529362008884856
2224,3.3483765721294265
2196,3.954026247863586
2225,3.3599652276563035
2197,3.9809552538740927
2226,3.3868942336668098
2198,3.995956014767457
2227,3.401894994560174
2199,3.586392576076875
2228,3.588246666723364
2200,2.850011987670096
2229,2.4908371988495306
2201,3.858254397229439
2230,3.2539400269270415
2202,3.9529362008884856
2231,3.3483765721294265
2203,3.954026247863586
2232,3.3599652276563035
2204,3.9809552538740927
2233,3.3868942336668098
2205,3.995956014767457
2234,3.401894994560174
2206,3.586392576076875
2235,3.588246666723364
2207,2.850011987670096
2236,2.4908371988495306
2208,3.858254397229439
2237,3.2539400269270415
2209,3.9529362008884856
2238,3.3483765721294265
2210,3.954026247863586
2239,3.3599652276563035
2211,3.9809552538740927
2240,3.3868942336668098
2212,3.995956014767457
2241,3.401894994560174
2213,3.586392576076875
2214,2.850011987670096
2242,2.4908371988495306
2215,3.858254397229439
2243,3.2539400269270415
2216,3.9529362008884856
2244,3.3483765721294265
2217,3.9809552538740927
2245,3.3868942336668098
2218,3.995956014767457
2246,3.401894994560174
2219,3.586392576076875
2247,3.588246666723364
2248,2.4908371988495306
2220,3.858254397229439
2249,3.2539400269270415
2221,3.9529362008884856
2250,3.3483765721294265
2279,2.124078097152288
2251,3.1828321090934537
2280,2.7720390934275283
2252,3.266554507555533
2281,2.855516233432945
2253,3.271110473408653
2282,2.8710438964806526
2254,3.2955507759042684
2283,2.895484198976268
2255,3.3117838732914144
2284,2.9117172963634133
2256,2.906488748742337
2285,3.096392245288757
2257,2.3013617472107843
2286,2.124078097152288
2258,3.1828321090934537
2287,2.7720390934275283
2259,3.266554507555533
2288,2.855516233432945
2260,3.271110473408653
2289,2.8710438964806526
2261,3.2955507759042684
2290,2.895484198976268
2262,3.3117838732914144
2291,2.9117172963634133
2263,2.906488748742337
2292,3.096392245288757
2264,2.3013617472107843
2293,2.124078097152288
2265,3.1828321090934537
2294,2.7720390934275283
2266,3.266554507555533
2295,2.855516233432945
2267,3.271110473408653
2296,2.8710438964806526
2268,3.2955507759042684
2297,2.895484198976268
2269,3.3117838732914144
2298,2.9117172963634133
2270,2.906488748742337
2271,2.3013617472107843
2272,3.1828321090934537
2273,3.266554507555533
2299,2.855516233432945
2274,3.2955507759042684
2300,2.895484198976268
2275,3.3117838732914144
2301,2.9117172963634133
2276,2.906488748742337
2302,3.096392245288757
2303,2.124078097152288
2277,3.1828321090934537
2304,2.7720390934275283
2278,3.266554507555533
2305,2.855516233432945
2334,1.9205051443858214
2306,2.915993712886092
2335,2.5263870211664647
2307,2.9967106959412186
2336,2.606858745764929
2308,2.98960883167923
2337,2.6102554900547177
2309,3.0148845393587176
2338,2.6355311977342053
2310,3.0311176367458637
2339,2.6517642951213505
2311,2.6087987902389207
2340,2.851866420384214
2312,2.07980135854521
2341,1.9205051443858214
2313,2.915993712886092
2342,2.5263870211664647
2314,2.9967106959412186
2343,2.606858745764929
2315,2.98960883167923
2344,2.6102554900547177
2316,3.0148845393587176
2345,2.6355311977342053
2317,3.0311176367458637
2346,2.6517642951213505
2318,2.6087987902389207
2347,2.851866420384214
2319,2.07980135854521
2348,1.9205051443858214
2320,2.915993712886092
2349,2.5263870211664647
2321,2.9967106959412186
2350,2.606858745764929
2322,2.98960883167923
2351,2.6102554900547177
2323,3.0148845393587176
2352,2.6355311977342053
2324,3.0311176367458637
2353,2.6517642951213505
2325,2.6087987902389207
2354,2.851866420384214
2326,2.07980135854521
2355,1.9205051443858214
2327,2.915993712886092
2356,2.5263870211664647
2328,2.9967106959412186
2357,2.606858745764929
2329,3.0148845393587176
2358,2.6355311977342053
2330,3.0311176367458637
2359,2.6517642951213505
2331,2.6087987902389207
2360,2.851866420384214
2361,1.9205051443858214
2332,2.915993712886092
2362,2.5263870211664647
2333,2.9967106959412186
2363,2.606858745764929
2392,2.4097396859077955
2364,3.452757548853944
2393,3.207228091396112
2365,3.5364799473160224
2394,3.2907052314015286
2366,3.5346124981347598
2395,3.2998094794148525
2367,3.559052800630375
2396,3.3242497819104684
2368,3.5739350346834966
2397,3.3391320159635898
2369,3.1946366696828052
2398,3.4904665746793735
2370,2.362120421687242
2399,2.4097396859077955
2371,3.452757548853944
2400,3.207228091396112
2372,3.5364799473160224
2401,3.2907052314015286
2373,3.5346124981347598
2402,3.2998094794148525
2374,3.559052800630375
2403,3.3242497819104684
2375,3.5739350346834966
2404,3.3391320159635898
2376,3.1946366696828052
2405,3.4904665746793735
2377,2.362120421687242
2406,2.4097396859077955
2378,3.452757548853944
2407,3.207228091396112
2379,3.5364799473160224
2408,3.2907052314015286
2380,3.5346124981347598
2409,3.2998094794148525
2381,3.559052800630375
2410,3.3242497819104684
2382,3.5739350346834966
2411,3.3391320159635898
2383,3.1946366696828052
2384,2.362120421687242
2412,2.4097396859077955
2385,3.452757548853944
2386,3.5364799473160224
2413,3.2907052314015286
2387,3.559052800630375
2414,3.3242497819104684
2388,3.5739350346834966
2415,3.3391320159635898
2389,3.1946366696828052
2416,3.4904665746793735
2417,2.4097396859077955
2390,3.452757548853944
2418,3.207228091396112
2391,3.5364799473160224
2419,3.2907052314015286
2448,5.871383168333567
2420,8.772066538299569
2449,7.64796642785638
2421,8.786128680698075
2450,7.666766157253939
2422,8.768143417854562
2451,7.6581129590874095
2423,8.79507242386507
2452,7.6850419650979145
2424,8.839755212446686
2453,7.729724753679532
2425,7.9117788168017285
2454,7.9526852111098325
2426,6.088945035117181
2455,5.871383168333567
2427,8.772066538299569
2456,7.64796642785638
2428,8.786128680698075
2457,7.666766157253939
2429,8.768143417854562
2458,7.6581129590874095
2430,8.79507242386507
2459,7.6850419650979145
2431,8.839755212446686
2460,7.729724753679532
2432,7.9117788168017285
2461,7.9526852111098325
2433,6.088945035117181
2462,5.871383168333567
2434,8.772066538299569
2463,7.64796642785638
2435,8.786128680698075
2464,7.666766157253939
2436,8.768143417854562
2465,7.6581129590874095
2437,8.79507242386507
2466,7.6850419650979145
2438,8.839755212446686
2467,7.729724753679532
2439,7.9117788168017285
2468,7.9526852111098325
2440,6.088945035117181
2469,5.871383168333567
2441,8.772066538299569
2470,7.64796642785638
2442,8.786128680698075
2443,8.79507242386507
2471,7.6850419650979145
2444,8.839755212446686
2472,7.729724753679532
2445,7.9117788168017285
2473,7.9526852111098325
2474,5.871383168333567
2446,8.772066538299569
2475,7.64796642785638
2447,8.786128680698075
2476,7.666766157253939
2505,2.125918512897841
2477,3.1928650247177774
2506,2.7820720090518516
2478,3.2765874231798557
2507,2.865549149057269
2479,3.2811433890329758
2508,2.8810768121049755
2480,3.3055836915285917
2509,2.9055171146005914
2481,3.3218167889157377
2510,2.921750211987737
2482,2.9165216643666594
2511,3.1064251609130813
2483,2.303202162956338
2512,2.125918512897841
2484,3.1928650247177774
2513,2.7820720090518516
2485,3.2765874231798557
2514,2.865549149057269
2486,3.2811433890329758
2515,2.8810768121049755
2487,3.3055836915285917
2516,2.9055171146005914
2488,3.3218167889157377
2517,2.921750211987737
2489,2.9165216643666594
2518,3.1064251609130813
2490,2.303202162956338
2519,2.125918512897841
2491,3.1928650247177774
2520,2.7820720090518516
2492,3.2765874231798557
2521,2.865549149057269
2493,3.2811433890329758
2522,2.8810768121049755
2494,3.3055836915285917
2523,2.9055171146005914
2495,3.3218167889157377
2524,2.921750211987737
2496,2.9165216643666594
2497,2.303202162956338
2498,3.1928650247177774
2499,3.2765874231798557
2500,3.3055836915285917
2501,3.3218167889157377
2502,2.9165216643666594
2503,3.1928650247177774
2525,2.7820720090518516
2504,3.2765874231798557
2551,7.948631323451236
2526,9.75228883721812
2552,10.13764493074222
2527,9.701503066750984
2553,10.091596747274137
2528,9.702128480687625
2554,10.097903380546672
2529,9.73113341033157
2555,10.126908310190618
2530,9.775816198913189
2556,10.171591098772236
2531,8.782244232954266
2557,10.429289698309493
2558,7.948631323451236
2532,9.75228883721812
2559,10.13764493074222
2533,9.701503066750984
2560,10.091596747274137
2534,9.702128480687625
2561,10.097903380546672
2535,9.73113341033157
2562,10.126908310190618
2536,9.775816198913189
2563,10.171591098772236
2537,8.782244232954266
2564,10.429289698309493
2565,7.948631323451236
2538,9.75228883721812
2566,10.13764493074222
2539,9.701503066750984
2567,10.091596747274137
2540,9.702128480687625
2568,10.097903380546672
2541,9.73113341033157
2569,10.126908310190618
2542,9.775816198913189
2543,8.782244232954266
2570,10.429289698309493
2571,7.948631323451236
2544,9.75228883721812
2545,9.701503066750984
2546,9.73113341033157
2572,10.126908310190618
2547,9.775816198913189
2573,10.171591098772236
2548,8.782244232954266
2574,10.429289698309493
2575,7.948631323451236
2549,9.75228883721812
2576,10.13764493074222
2550,9.701503066750984
2577,10.091596747274137
2578,1.6265397807189834
2579,2.0508857212211202
2580,2.077714225928879
2581,2.0994257341057154
2582,2.300012435391225
2583,2.0225014875764615
2584,2.0508857212211202
2585,2.077714225928879
2586,1.7240288107340094
2587,1.975799113036123
2588,1.975799113036123
2589,1.636557016659359
2590,1.6799426545439808
2591,1.6728385361806346
2617,3.3179854764483236
2592,4.860384296280986
2618,4.3722312705216035
2593,4.941101279336112
2619,4.4527029951200685
2594,4.940760214786048
2620,4.462860539121781
2595,4.965200517281664
2621,4.487300841617397
2596,4.980008609248211
2622,4.502108933583945
2597,4.504264005803309
2623,4.6910308620772
2624,3.3179854764483236
2598,4.860384296280986
2625,4.3722312705216035
2599,4.941101279336112
2626,4.4527029951200685
2600,4.940760214786048
2627,4.462860539121781
2601,4.965200517281664
2628,4.487300841617397
2602,4.980008609248211
2629,4.502108933583945
2603,4.504264005803309
2630,4.6910308620772
2604,3.4454934595009075
2631,3.3179854764483236
2605,4.860384296280986
2632,4.3722312705216035
2606,4.941101279336112
2633,4.4527029951200685
2607,4.940760214786048
2634,4.462860539121781
2608,4.965200517281664
2635,4.487300841617397
2609,4.980008609248211
2636,4.502108933583945
2637,4.6910308620772
2638,3.3179854764483236
2610,4.860384296280986
2639,4.3722312705216035
2611,4.941101279336112
2612,4.965200517281664
2640,4.487300841617397
2613,4.980008609248211
2641,4.502108933583945
2614,4.504264005803309
2642,4.6910308620772
2643,3.3179854764483236
2615,4.860384296280986
2644,4.3722312705216035
2616,4.941101279336112
2645,4.4527029951200685
2672,3.5694528307144884
2673,4.465272954743114
2674,4.531499258648128
2646,3.6067993336710855
2675,4.5670383310818075
2647,3.6333755009556414
2676,4.593614498366364
2648,3.4902856407813054
2677,4.450524638192027
2649,2.9945440500029172
2678,4.499665252270404
2650,2.4626595306599435
2679,3.5694528307144884
2651,3.5619876938653228
2680,4.465272954743114
2652,3.628459256226996
2681,4.531499258648128
2653,3.6067993336710855
2682,4.5670383310818075
2654,3.6333755009556414
2683,4.593614498366364
2655,3.4902856407813054
2684,4.450524638192027
2656,2.9945440500029172
2685,4.499665252270404
2657,2.4626595306599435
2686,3.5694528307144884
2658,3.5619876938653228
2687,4.465272954743114
2659,3.628459256226996
2688,4.531499258648128
2660,3.6067993336710855
2689,4.5670383310818075
2661,3.6333755009556414
2690,4.593614498366364
2662,3.4902856407813054
2691,4.450524638192027
2663,2.9945440500029172
2692,4.499665252270404
2664,2.4626595306599435
2665,3.5619876938653228
2693,4.465272954743114
2666,3.628459256226996
2667,3.6333755009556414
2668,3.4902856407813054
2694,4.450524638192027
2669,2.9945440500029172
2695,4.499665252270404
2670,3.5619876938653228
2696,4.465272954743114
2671,3.628459256226996
2697,4.531499258648128
2724,1.9917914525561404
2698,2.3316577946122283
2725,2.4891318537806826
2699,2.3951239415669496
2726,2.5523527422787433
2700,2.371317714876346
2727,2.539045124139916
2701,2.396593422555833
2728,2.564320831819404
2702,2.4134526265438954
2729,2.5811800358074652
2703,2.075657308113083
2730,2.7322963063364405
2704,1.6693757014475499
2731,1.9917914525561404
2705,2.3316577946122283
2732,2.4891318537806826
2706,2.3951239415669496
2733,2.5523527422787433
2707,2.371317714876346
2734,2.539045124139916
2708,2.396593422555833
2735,2.564320831819404
2709,2.4134526265438954
2736,2.5811800358074652
2737,2.7322963063364405
2710,1.6693757014475499
2738,1.9917914525561404
2711,2.3316577946122283
2739,2.4891318537806826
2712,2.3951239415669496
2740,2.5523527422787433
2713,2.371317714876346
2741,2.539045124139916
2714,2.396593422555833
2742,2.564320831819404
2715,2.4134526265438954
2743,2.5811800358074652
2716,2.075657308113083
2744,2.7322963063364405
2745,1.9917914525561404
2717,2.3316577946122283
2718,2.3951239415669496
2746,2.5523527422787433
2719,2.396593422555833
2747,2.564320831819404
2720,2.4134526265438954
2748,2.5811800358074652
2721,2.075657308113083
2749,2.7322963063364405
2750,1.9917914525561404
2722,2.3316577946122283
2751,2.4891318537806826
2723,2.3951239415669496
2752,2.5523527422787433
